{"Mean":{"confidence_interval":{"confidence_level":0.95,"lower_bound":-0.3112978575859495,"upper_bound":0.5075344672661257},"point_estimate":0.029819682784530733,"standard_error":0.21149453268699407},"Median":{"confidence_interval":{"confidence_level":0.95,"lower_bound":-0.07467315242930273,"upper_bound":0.166608948444124},"point_estimate":0.003524243392710291,"standard_error":0.06100069837461814}}