{"Mean":{"confidence_interval":{"confidence_level":0.95,"lower_bound":12473233.595863482,"upper_bound":21556424.4752764},"point_estimate":16336506.572413002,"standard_error":2348776.2065393018},"Median":{"confidence_interval":{"confidence_level":0.95,"lower_bound":9187988.016393442,"upper_bound":10623084.158653846},"point_estimate":9886543.806773775,"standard_error":348693.5282698439},"MedianAbsDev":{"confidence_interval":{"confidence_level":0.95,"lower_bound":1199456.0371284434,"upper_bound":3067034.7981995109},"point_estimate":2048829.8885526809,"standard_error":446251.4504077003},"Slope":{"confidence_interval":{"confidence_level":0.95,"lower_bound":8879092.070804874,"upper_bound":9301018.053231651},"point_estimate":9067701.7736545,"standard_error":107224.38843441948},"StdDev":{"confidence_interval":{"confidence_level":0.95,"lower_bound":7901803.395691312,"upper_bound":36895651.878495927},"point_estimate":23621975.858478868,"standard_error":7984892.984750473}}