{"Mean":{"confidence_interval":{"confidence_level":0.95,"lower_bound":12707148.806235603,"upper_bound":22580105.849418746},"point_estimate":16823656.01620976,"standard_error":2566274.7017002927},"Median":{"confidence_interval":{"confidence_level":0.95,"lower_bound":9548031.368212089,"upper_bound":11391232.955504284},"point_estimate":9921386.393461539,"standard_error":511853.1308626994},"MedianAbsDev":{"confidence_interval":{"confidence_level":0.95,"lower_bound":2096814.6661680998,"upper_bound":4298745.032052607},"point_estimate":2657861.4596293165,"standard_error":567487.9303971133},"Slope":{"confidence_interval":{"confidence_level":0.95,"lower_bound":8683012.047226504,"upper_bound":9210999.726299653},"point_estimate":8915553.4253554,"standard_error":134387.43204722834},"StdDev":{"confidence_interval":{"confidence_level":0.95,"lower_bound":8324686.968008217,"upper_bound":40863387.380656789},"point_estimate":25754081.191485853,"standard_error":9400173.96798391}}